Type,Name,Request Count,Failure Count,Median Response Time,Average Response Time,Min Response Time,Max Response Time,Average Content Size,Requests/s,Failures/s,50%,66%,75%,80%,90%,95%,98%,99%,99.9%,99.99%,100%
POST,/convert,205477,0,7300.0,8802.018097961714,0.889610997546697,297957.05873100087,49.0,661.5066383859179,0.0,7300,8700,9900,11000,13000,13000,45000,63000,193000,287000,298000
,Aggregated,205477,0,7300.0,8802.018097961714,0.889610997546697,297957.05873100087,49.0,661.5066383859179,0.0,7300,8700,9900,11000,13000,13000,45000,63000,193000,287000,298000
