Type,Name,Request Count,Failure Count,Median Response Time,Average Response Time,Min Response Time,Max Response Time,Average Content Size,Requests/s,Failures/s,50%,66%,75%,80%,90%,95%,98%,99%,99.9%,99.99%,100%
POST,/v1/models/model:predict,3196,0,1,2.044908585416925,0.9609509997972054,145.1556289994187,29.0,61.825788044183746,0.0,1,2,2,2,2,3,11,15,55,150,150
,Aggregated,3196,0,1,2.044908585416925,0.9609509997972054,145.1556289994187,29.0,61.825788044183746,0.0,1,2,2,2,2,3,11,15,55,150,150
