Type,Name,Request Count,Failure Count,Median Response Time,Average Response Time,Min Response Time,Max Response Time,Average Content Size,Requests/s,Failures/s,50%,66%,75%,80%,90%,95%,98%,99%,99.9%,99.99%,100%
POST,/convert,8311,8311,5,5.929172548187931,3.0312569997477112,5019.7614150001755,0.0,64.49988713446011,64.49988713446011,5,5,6,6,7,8,14,17,29,5000,5000
,Aggregated,8311,8311,5,5.929172548187931,3.0312569997477112,5019.7614150001755,0.0,64.49988713446011,64.49988713446011,5,5,6,6,7,8,14,17,29,5000,5000
